,Unnamed: 0,Metadata_broad_sample_x,average_precision_std,average_precision_mito,average_precision_act,BRD ID,Metadata_broad_sample_y,Common Name,MoA,std_vs_act,std_vs_mito,Metadata_Count_Cells_Std,Metadata_Count_Cells_act,Metadata_Count_Cells_act_norm,Metadata_Count_Cells_Std_norm
0,0,BRD-A12994259-001-11-9,0.2867454304954305,0.2027960329430917,0.2558751542575072,A12994259,BRD-A12994259-001-02-1,pomalidomide,tumor necrosis factor production inhibitor,0.0308702762379233,0.0839493975523387,4085.0,4205.0,42.05,40.85
1,1,BRD-A22769835-300-05-7,0.5277777777777778,0.3345779779216312,0.159312189788196,A22769835,BRD-A22769835-300-05-7,homochlorcyclizine,antihistamine,0.3684655879895818,0.1931997998561466,3827.75,4096.25,40.9625,38.2775
2,2,BRD-A53576514-048-02-8,0.3665339631129105,0.4226851851851852,0.3335751054501054,A53576514,BRD-A53576514-048-14-3,orphenadrine,acetylcholine receptor antagonist,0.032958857662805,-0.0561512220722747,4174.0,4148.25,41.4825,41.74
3,3,BRD-A87435144-001-01-6,0.9791666666666666,0.8972222222222223,0.8500000000000001,A87435144,BRD-A87435144-001-01-6,AZD7545,pyruvate dehydrogenase kinase inhibitor,0.1291666666666665,0.0819444444444443,3627.75,3599.25,35.9925,36.2775
4,4,BRD-K00818915-001-02-9,0.269047619047619,0.2980579605579606,0.248718917391518,K00818915,BRD-K00818915-003-01-8,SHP099,protein tyrosine kinase inhibitor,0.020328701656101,-0.0290103415103415,3972.5,4198.75,41.9875,39.725
5,5,BRD-K01826510-001-09-9,0.3409569597069597,0.3343637743094265,0.5228863728863729,K01826510,BRD-K01826510-300-06-9,hydroxyzine,antihistamine,-0.1819294131794131,0.0065931853975332,3883.5,3819.25,38.1925,38.835
6,6,BRD-K02965346-001-01-8,1.0,1.0,1.0,K02965346,BRD-K02965346-001-07-5,SU-11274,hepatocyte growth factor receptor inhibitor,0.0,0.0,1845.5,1938.25,19.3825,18.455
7,7,BRD-K03063480-001-08-9,1.0,1.0,1.0,K03063480,BRD-K03063480-001-06-6,PF-477736,CHK inhibitor,0.0,0.0,256.5,263.25,2.6325,2.565
8,8,BRD-K04923131-001-17-9,1.0,1.0,1.0,K04923131,BRD-K04923131-001-15-4,GSK-3-inhibitor-IX,glycogen synthase kinase inhibitor,0.0,0.0,1601.0,1585.0,15.85,16.01
9,9,BRD-K06182768-001-02-3,0.3211886357106945,0.6847222222222222,0.3401785714285714,K06182768,BRD-K06182768-001-06-4,A-366,histone lysine methyltransferase inhibitor,-0.0189899357178768,-0.3635335865115277,3858.0,3965.25,39.6525,38.58
10,10,BRD-K06883221-001-02-9,0.6629960317460317,0.2407671957671957,0.1566587347837347,K06883221,BRD-K06883221-001-01-9,apratastat,tumor necrosis factor production inhibitor,0.506337296962297,0.422228835978836,3881.75,4161.5,41.615,38.8175
11,11,BRD-K09372874-001-02-9,1.0,1.0,1.0,K09372874,BRD-K09372874-001-01-0,merimepodib,inosine monophosphate dehydrogenase inhibitor,0.0,0.0,1371.25,1457.5,14.575,13.7125
12,12,BRD-K12511835-003-03-9,1.0,1.0,1.0,K12511835,BRD-K12511835-003-01-2,BMS-863233,CDC inhibitor,0.0,0.0,3188.0,3399.5,33.995,31.88
13,13,BRD-K12737986-001-01-4,0.2878517316017316,0.1540660679476468,0.3268518518518518,K12737986,BRD-K12737986-001-01-4,veliparib,PARP inhibitor,-0.0390001202501202,0.1337856636540847,3850.75,3912.0,39.12,38.5075
14,14,BRD-K13094524-001-10-9,0.9027777777777776,1.0,1.0,K13094524,BRD-K13094524-001-04-2,PFI-1,bromodomain inhibitor,-0.0972222222222223,-0.0972222222222223,3683.75,3795.0,37.95,36.8375
15,15,BRD-K13606314-001-02-9,0.7722222222222223,0.3978021978021978,0.3692045454545454,K13606314,BRD-K13606314-001-01-3,P5091,ubiquitin specific protease inhibitor,0.4030176767676768,0.3744200244200244,3675.25,3885.25,38.8525,36.7525
16,16,BRD-K16189898-001-26-9,1.0,1.0,1.0,K16189898,BRD-K16189898-003-03-3,CHIR-99021,glycogen synthase kinase inhibitor,0.0,0.0,3427.75,3467.75,34.6775,34.2775
17,17,BRD-K16803204-001-02-9,0.3130067798546059,0.2013040078829552,0.3742799852067586,K16803204,BRD-K16803204-001-01-6,filgotinib,JAK inhibitor,-0.0612732053521527,0.1117027719716506,3925.0,4081.0,40.81,39.25
18,18,BRD-K17953061-001-05-1,1.0,1.0,1.0,K17953061,BRD-K17953061-001-14-3,Staurosporine,Apoptosis inducer (ATP-competitive kinase inhibitor),0.0,0.0,855.75,949.75,9.4975,8.5575
19,19,BRD-K19477839-001-10-9,0.1553240894513273,0.160032375032375,0.1680952643548551,K19477839,BRD-K19477839-001-07-6,SGX523,hepatocyte growth factor receptor inhibitor,-0.0127711749035278,-0.0047082855810477,3900.0,4045.25,40.4525,39.0
20,20,BRD-K19871656-001-01-3,1.0,1.0,1.0,K19871656,BRD-K19871656-001-01-3,CPI-0610,bromodomain inhibitor,0.0,0.0,3181.25,3303.0,33.03,31.8125
21,21,BRD-K20290250-001-03-9,0.6666666666666666,0.7162698412698412,0.7242063492063492,K20290250,BRD-K20290250-001-02-1,BIX-02188,MEK inhibitor,-0.0575396825396825,-0.0496031746031745,3785.0,3957.5,39.575,37.85
22,22,BRD-K21728777-001-03-9,1.0,1.0,1.0,K21728777,BRD-K21728777-001-02-3,AMG900,Aurora kinase inhibitor,0.0,0.0,727.0,727.5,7.275,7.27
23,23,BRD-K23383398-001-08-1,1.0,0.6102272727272727,1.0,K23383398,BRD-K23383398-001-09-9,T-0901317,LXR agonist,0.0,0.3897727272727272,3956.0,4037.5,40.375,39.56
24,24,BRD-K24600306-003-02-9,0.3373316498316498,0.233270202020202,0.3908527678748267,K24600306,BRD-K24600306-003-02-9,ML-298,phospholipase inhibitor,-0.0535211180431768,0.1040614478114477,3766.25,3918.0,39.18,37.6625
25,25,BRD-K24696047-001-03-9,1.0,1.0,1.0,K24696047,BRD-K24696047-001-02-3,NVP-AEW541,IGF-1 inhibitor,0.0,0.0,3123.75,3187.25,31.8725,31.2375
26,26,BRD-K25433859-003-03-1,0.1428226121704382,0.1503406084656084,0.3147934813724287,K25433859,BRD-K25433859-003-23-9,maprotiline,tricyclic antidepressant,-0.1719708692019905,-0.0075179962951702,3948.75,4059.25,40.5925,39.4875
27,27,BRD-K25611237-001-09-9,0.8791666666666667,1.0,0.4847187412976886,K25611237,BRD-K25611237-001-02-1,ML324,histone lysine demethylase inhibitor,0.394447925368978,-0.1208333333333333,3408.25,3626.25,36.2625,34.0825
28,28,BRD-K28936863-051-14-0,0.3121044464794464,0.1692830086580086,0.2237367614269788,K28936863,BRD-K28936863-051-32-2,ketotifen,phosphodiesterase inhibitor,0.0883676850524676,0.1428214378214378,4111.0,3995.25,39.9525,41.11
29,29,BRD-K30707190-001-06-9,0.333519721019721,0.2592456617456617,0.240540293040293,K30707190,BRD-K30707190-001-04-1,PNU-74654,beta-catenin inhibitor,0.0929794279794279,0.0742740592740592,3891.5,3948.25,39.4825,38.915
30,30,BRD-K32730239-001-03-9,0.4163628038628039,0.5779220779220778,0.2428185190413451,K32730239,BRD-K32730239-001-01-0,SU3327,JNK inhibitor,0.1735442848214587,-0.1615592740592739,3089.0,3057.25,30.5725,30.89
31,31,BRD-K33818169-003-04-6,0.6468253968253967,0.7868055555555555,0.6048611111111111,K33818169,BRD-K33818169-003-04-6,GW-3965,LXR agonist,0.0419642857142856,-0.1399801587301588,4189.25,4015.5,40.155,41.8925
32,32,BRD-K36234266-001-10-6,0.2762655168905168,0.1982075963538812,0.1154631271135847,K36234266,BRD-K36234266-001-09-8,carmustine,DNA inhibitor,0.1608023897769321,0.0780579205366356,3783.5,3956.25,39.5625,37.835
33,33,BRD-K37379014-001-02-0,1.0,1.0,1.0,K37379014,BRD-K37379014-001-01-2,filanesib,kinesin inhibitor,0.0,0.0,497.25,501.5,5.015,4.9725
34,34,BRD-K38627885-001-01-9,1.0,1.0,1.0,K38627885,BRD-K38627885-001-01-9,APY0201,phosphoinositide dependent kinase inhibitor,0.0,0.0,2224.5,2248.0,22.48,22.245
35,35,BRD-K39520573-001-01-2,0.3563161375661375,0.601572039072039,0.2824013949013949,K39520573,BRD-K39520573-001-03-8,GW-5074,RAF inhibitor,0.0739147426647426,-0.2452559015059014,4185.25,4270.25,42.7025,41.8525
36,36,BRD-K39974922-001-05-9,1.0,1.0,1.0,K39974922,BRD-K39974922-001-04-3,lenvatinib,FGFR inhibitor,0.0,0.0,3248.5,3098.75,30.9875,32.485
37,37,BRD-K44227013-001-15-9,1.0,1.0,1.0,K44227013,BRD-K44227013-001-08-0,ponatinib,Bcr-Abl kinase inhibitor,0.0,0.0,354.25,329.75,3.2975,3.5425
38,38,BRD-K45909031-001-03-9,1.0,1.0,0.9097222222222222,K45909031,BRD-K45909031-001-01-5,WZ4003,AMPK inhibitor,0.0902777777777777,0.0,3361.5,3579.5,35.795,33.615
39,39,BRD-K49669041-001-10-9,1.0,1.0,1.0,K49669041,BRD-K49669041-001-08-4,BX-912,pyruvate dehydrogenase kinase inhibitor,0.0,0.0,1246.5,1175.25,11.7525,12.465
40,40,BRD-K50055394-001-04-9,1.0,0.8833333333333333,1.0,K50055394,BRD-K50055394-001-03-6,halopemide,phospholipase inhibitor,0.0,0.1166666666666667,3760.25,4214.75,42.1475,37.6025
41,41,BRD-K53665955-001-05-9,1.0,0.7902777777777777,1.0,K53665955,BRD-K53665955-001-03-0,MK-5108,Aurora kinase inhibitor,0.0,0.2097222222222222,2543.5,2601.0,26.01,25.435
42,42,BRD-K53972329-001-12-9,0.6593013468013467,0.6113095238095237,0.6797852474323063,K53972329,BRD-K53972329-001-07-0,ruxolitinib,JAK inhibitor,-0.0204839006309596,0.0479918229918229,4032.25,4222.25,42.2225,40.3225
43,43,BRD-K54759182-003-09-8,0.2128561131850605,0.2839539967829442,0.2132009058479646,K54759182,BRD-K54759182-003-08-0,dosulepin,tricyclic antidepressant,-0.0003447926629041,-0.0710978835978836,3937.25,4111.25,41.1125,39.3725
44,44,BRD-K54955827-001-03-9,1.0,1.0,1.0,K54955827,BRD-K54955827-001-02-2,niraparib,PARP inhibitor,0.0,0.0,2057.0,2140.5,21.405,20.57
45,45,BRD-K56301217-001-02-5,1.0,1.0,1.0,K56301217,BRD-K56301217-001-07-4,ABT-737,BCL inhibitor,0.0,0.0,3071.75,3102.75,31.0275,30.7175
46,46,BRD-K56932272-001-02-9,0.9523809523809524,1.0,0.7871031746031746,K56932272,BRD-K56932272-001-02-9,BMS-566419,inosine monophosphate dehydrogenase inhibitor,0.1652777777777777,-0.0476190476190476,2469.5,2553.0,25.53,24.695
47,47,BRD-K57080016-001-19-1,1.0,1.0,1.0,K57080016,BRD-K57080016-001-01-9,selumetinib,MEK inhibitor,0.0,0.0,3470.25,3582.5,35.825,34.7025
48,48,BRD-K60130390-001-02-1,1.0,1.0,0.8694444444444445,K60130390,BRD-K60130390-001-02-1,UNC0642,histone lysine methyltransferase inhibitor,0.1305555555555555,0.0,3707.5,3849.5,38.495,37.075
49,49,BRD-K61397605-001-04-2,1.0,1.0,1.0,K61397605,BRD-K61397605-001-07-5,romidepsin,HDAC inhibitor,0.0,0.0,297.75,280.25,2.8025,2.9775
50,50,BRD-K61688984-001-04-5,1.0,1.0,1.0,K61688984,BRD-K61688984-001-02-9,RGFP966,HDAC inhibitor,0.0,0.0,2546.5,2585.0,25.85,25.465
51,51,BRD-K62391742-001-19-9,0.9097222222222222,0.8555555555555555,0.7999999999999999,K62391742,BRD-K62391742-001-03-0,venetoclax,BCL inhibitor,0.1097222222222222,0.0541666666666666,3408.25,3547.0,35.47,34.0825
52,52,BRD-K63631219-001-01-6,0.1111099037414826,0.2473735061235061,0.1576762709914883,K63631219,BRD-K63631219-001-01-6,quazinone,phosphodiesterase inhibitor,-0.0465663672500056,-0.1362636023820234,3786.25,4013.5,40.135,37.8625
53,53,BRD-K64881305-001-07-9,1.0,1.0,1.0,K64881305,BRD-K64881305-001-05-2,ispinesib,kinesin inhibitor,0.0,0.0,481.5,450.5,4.505,4.815
54,54,BRD-K66401437-001-03-3,1.0,1.0,1.0,K66401437,BRD-K66401437-001-03-3,THZ1,CDK inhibitor,0.0,0.0,123.25,113.75,1.1375,1.2325
55,55,BRD-K66430217-001-05-9,0.3197270322270322,0.2456109168609168,0.275005305152364,K66430217,BRD-K66430217-001-03-8,KH-CB19,CDC inhibitor,0.0447217270746682,0.0741161153661153,4171.0,4128.5,41.285,41.71
56,56,BRD-K67578145-001-13-9,1.0,1.0,0.7676587301587301,K67578145,BRD-K67578145-001-09-7,GDC-0879,RAF inhibitor,0.2323412698412699,0.0,4421.0,4554.75,45.5475,44.21
57,57,BRD-K67772619-001-06-9,0.1919969650232807,0.321013431013431,0.2301143301143301,K67772619,BRD-K67772619-001-05-1,rheochrysidin,protein tyrosine kinase inhibitor,-0.0381173650910493,-0.1290164659901502,4007.25,4134.75,41.3475,40.0725
58,58,BRD-K68756823-001-12-9,0.3525825789252899,0.531060606060606,0.4014936330725804,K68756823,BRD-K68756823-001-07-1,FR-180204,MAP kinase inhibitor,-0.0489110541472905,-0.1784780271353161,3903.5,4259.25,42.5925,39.035
59,59,BRD-K69023402-001-03-3,1.0,1.0,1.0,K69023402,BRD-K69023402-001-07-4,Thapsigargin,ER stressor (SERCA inhibitor),0.0,0.0,90.25,84.5,0.845,0.9025
60,60,BRD-K70446295-001-04-9,1.0,0.8357142857142856,0.9583333333333331,K70446295,BRD-K70446295-001-01-7,EPZ015666,protein arginine N-methyltransferase inhibitor,0.0416666666666667,0.1642857142857143,3545.5,3830.0,38.3,35.455
61,61,BRD-K70578146-001-13-9,1.0,1.0,1.0,K70578146,BRD-K70578146-001-09-1,DACTINOMYCIN,Apoptosis inducer (transcription inhibitor),0.0,0.0,208.25,192.25,1.9225,2.0825
62,62,BRD-K70642949-001-06-9,1.0,1.0,0.9513888888888888,K70642949,BRD-K70642949-001-04-5,GSK2334470,phosphoinositide dependent kinase inhibitor,0.0486111111111111,0.0,3039.0,2988.5,29.885,30.39
63,63,BRD-K72898849-001-03-9,1.0,1.0,1.0,K72898849,BRD-K72898849-001-01-8,BLU9931,FGFR inhibitor,0.0,0.0,2539.25,2587.75,25.8775,25.3925
64,64,BRD-K72951360-001-02-9,1.0,1.0,1.0,K72951360,BRD-K72951360-001-01-4,valrubicin,DNA inhibitor,0.0,0.0,198.0,179.5,1.795,1.98
65,65,BRD-K73397362-001-09-9,0.7875,0.8486111111111111,0.5174693362193362,K73397362,BRD-K73397362-001-06-6,purmorphamine,smoothened receptor agonist,0.2700306637806637,-0.0611111111111111,3853.75,4001.0,40.01,38.5375
66,66,BRD-K73982490-001-04-9,0.4266827943298531,0.2357184944684944,0.2016026747005007,K73982490,BRD-K73982490-001-02-9,BI-78D3,JNK inhibitor,0.2250801196293523,0.1909642998613586,3775.25,4002.5,40.025,37.7525
67,67,BRD-K75009076-001-04-9,1.0,1.0,1.0,K75009076,BRD-K75009076-001-02-1,SCH-900776,CHK inhibitor,0.0,0.0,570.0,557.0,5.57,5.7
68,68,BRD-K76908866-001-08-9,0.424074074074074,0.7583333333333333,0.5733987077737077,K76908866,BRD-K76908866-001-07-6,CP-724714,EGFR inhibitor,-0.1493246336996336,-0.3342592592592592,3797.0,3939.5,39.395,37.97
69,69,BRD-K82164249-001-03-5,0.1514401140368632,0.1329138876545997,0.2232273391812865,K82164249,BRD-K82164249-001-03-5,andarine,androgen receptor modulator,-0.0717872251444232,0.0185262263822635,4055.25,4189.25,41.8925,40.5525
70,70,BRD-K82941592-238-06-9,0.3466479534957796,0.2705291005291005,0.365625,K82941592,BRD-K82941592-238-03-7,rosuvastatin,HMGCR inhibitor,-0.0189770465042203,0.076118852966679,3851.25,4084.25,40.8425,38.5125
71,71,BRD-K83192048-050-01-9,0.2294011544011543,0.290791847041847,0.4890873015873015,K83192048,BRD-K83192048-050-03-5,dimethindene-(S)-(+),acetylcholine receptor antagonist,-0.2596861471861471,-0.0613906926406926,4046.5,4232.5,42.325,40.465
72,72,BRD-K83607951-001-04-9,1.0,1.0,1.0,K83607951,BRD-K83607951-001-02-2,skepinone-l,p38 MAPK inhibitor,0.0,0.0,3080.75,3272.5,32.725,30.8075
73,73,BRD-K84937637-001-21-9,1.0,1.0,1.0,K84937637,BRD-K84937637-001-11-5,sirolimus,mTOR inhibitor,0.0,0.0,2738.5,2737.0,27.37,27.385
74,74,BRD-K85606544-001-07-5,1.0,1.0,1.0,K85606544,BRD-K85606544-001-09-1,neratinib,EGFR inhibitor,0.0,0.0,1636.75,1731.5,17.315,16.3675
75,75,BRD-K85776940-001-01-9,0.174074074074074,0.2157399027987263,0.1883964719491035,K85776940,BRD-K85776940-001-01-9,delta-Tocotrienol,HMGCR inhibitor,-0.0143223978750294,-0.0416658287246522,3926.75,3951.25,39.5125,39.2675
76,76,BRD-K86118762-001-05-9,1.0,1.0,1.0,K86118762,BRD-K86118762-001-08-9,linsitinib,IGF-1 inhibitor,0.0,0.0,3114.5,3202.0,32.02,31.145
77,77,BRD-K86718786-001-03-9,0.5073641636141636,0.1969066640834375,0.1587512025012024,K86718786,BRD-K86718786-001-03-9,SGC-707,protein arginine N-methyltransferase inhibitor,0.3486129611129611,0.3104574995307261,3877.5,4113.75,41.1375,38.775
78,78,BRD-K87632963-001-05-9,0.9666666666666668,1.0,1.0,K87632963,BRD-K87632963-001-05-9,GNF-5,Bcr-Abl kinase inhibitor,-0.0333333333333333,-0.0333333333333333,3832.0,3958.5,39.585,38.32
79,79,BRD-K88677950-001-04-9,0.9375,0.8416666666666666,0.8694444444444445,K88677950,BRD-K88677950-001-03-9,PD-198306,MAP kinase inhibitor,0.0680555555555555,0.0958333333333334,3667.5,3784.0,37.84,36.675
80,80,BRD-K91900765-001-09-9,0.6715277777777777,0.7071661998132586,0.5371031746031746,K91900765,BRD-K91900765-001-08-4,VX-745,p38 MAPK inhibitor,0.1344246031746031,-0.0356384220354808,3806.25,4069.5,40.695,38.0625
81,81,BRD-K93942811-001-03-9,1.0,1.0,0.7583333333333333,K93942811,BRD-K93942811-001-01-3,ML-323,ubiquitin specific protease inhibitor,0.2416666666666667,0.0,3577.25,3692.75,36.9275,35.7725
82,82,BRD-K94455792-001-01-8,1.0,1.0,0.8069444444444444,K94455792,BRD-K94455792-001-01-8,ICG-001,beta-catenin inhibitor,0.1930555555555556,0.0,2924.5,3004.75,30.0475,29.245
83,83,BRD-K97452254-001-02-9,1.0,1.0,1.0,K97452254,BRD-K97452254-001-01-3,AMG-925,CDK inhibitor,0.0,0.0,2054.5,2168.5,21.685,20.545
84,84,BRD-K98203492-001-06-9,1.0,1.0,1.0,K98203492,BRD-K98203492-003-04-1,GSK-J4,histone lysine demethylase inhibitor,0.0,0.0,1276.25,1335.0,13.35,12.7625
85,85,BRD-K98251413-001-07-9,0.2487324795374331,0.4983115468409586,0.9055555555555556,K98251413,BRD-K98251413-001-04-0,IOX2,hypoxia inducible factor inhibitor,-0.6568230760181224,-0.2495790673035255,3974.25,4350.5,43.505,39.7425
86,86,BRD-K99092662-001-02-9,0.2108456820956821,0.2001908372844905,0.1651788790919225,K99092662,BRD-K99092662-001-01-1,PS178990,androgen receptor modulator,0.0456668030037595,0.0106548448111915,4048.25,3967.75,39.6775,40.4825
87,87,BRD-K99113996-001-02-0,1.0,1.0,1.0,K99113996,BRD-K99113996-001-02-0,AZD2014,mTOR inhibitor,0.0,0.0,1343.75,1452.25,14.5225,13.4375
88,88,BRD-K99433989-001-02-9,0.8993055555555556,1.0,0.8347222222222223,K99433989,BRD-K99433989-001-02-9,SAG,smoothened receptor agonist,0.0645833333333333,-0.1006944444444444,3838.5,3965.0,39.65,38.385
89,89,BRD-M87138257-003-01-1,1.0,1.0,1.0,M87138257,BRD-M87138257-003-01-1,acriflavine,hypoxia inducible factor inhibitor,0.0,0.0,74.25,54.0,0.54,0.7425
